id,name,флаги
0,"Cell Key","decay=10; illegal=True; gift=2; info=Unlocks yellow doors"
1,"Staff Key","decay=10; illegal=True; gift=2; info=Unlocks red doors"
2,"Pack of Mints","desk=1; npc_carry=True; fat=5; gift=1"
3,"Guard Outfit","craft={'intelligence': 50, '_recipe': 'Overalls, Jar of Ink', '_recipe_hash': 'f8d4f91c54128e6ee4f7d5fa591b96a4'}; buy=50; outfit=2; illegal=True; gift=1"
4,"Inmate Outfit","outfit=1"
5,"Sturdy Shovel","craft={'intelligence': 80, '_recipe': 'Lightweight Shovel, Sheet of Metal, Duct Tape', '_recipe_hash': '2cb61a72e54dbee750614de46e4c5e17'}; digging=5; chipping=2; decay=3; illegal=True; gift=3"
6,"Entrance Key","decay=10; illegal=True; gift=2; info=Unlocks purple doors"
7,"Utility Key","decay=10; illegal=True; gift=2; info=Unlocks orange doors"
8,"Lighter","desk=1; npc_carry=True; buy=25; gift=1"
9,"Watch","desk=1; npc_carry=True; buy=25; gift=2"
10,"Bottle of Medicine","desk=1; npc_carry=True; buy=20; hp=5; gift=1"
11,"Stun Rod","illegal=True"
12,"Timber","desk=2; npc_carry=True; buy=10; illegal=True; gift=1"
13,"Roll of Duct Tape","desk=2; npc_carry=True; buy=30; illegal=True; gift=1; camdis=3000"
14,"Shaving Cream","desk=1; npc_carry=True; buy=25; decay=20; camdis=1500"
15,"Magazine","desk=1; npc_carry=True; buy=15; gift=2"
16,"Bottle of Sleeping Pills","npc_carry=True; buy=25; illegal=True; gift=1"
17,"Comb","desk=1; npc_carry=True"
18,"Glass Shard","npc_carry=True; illegal=True"
19,"Glass Shank","craft={'intelligence': 30, '_recipe': 'Glass shard, duct tape', '_recipe_hash': 'f24eef80191f6b66eb4e53afab630e5c'}; weapon=4; decay=1; illegal=True; gift=3"
20,"Dead Rat",""
21,"Fire Extinguisher","illegal=True"
22,"Radio Reciever","illegal=True; gift=2"
23,"Plastic Spoon","desk=1; digging=1; decay=15"
24,"Screwdriver","buy=75; chipping=2; unscrewing=3; decay=10; illegal=True; gift=2"
25,"Crowbar","buy=75; weapon=3; chipping=2; decay=5; illegal=True; gift=3"
26,"Dirt","desk=2; illegal=True"
27,"Plastic Knife","desk=1; weapon=1; cutting=1; decay=15"
28,"Plastic Fork","desk=1; weapon=1; chipping=1; decay=15"
29,"Baton","buy=60; weapon=3; decay=1; illegal=True; gift=2"
30,"Spatula","desk=2; npc_carry=True; illegal=True"
31,"Hoe","weapon=2; decay=5; gift=1"
32,"Broom","npc_carry=True; weapon=2; decay=1"
33,"Shears","decay=1; illegal=True; gift=10"
34,"Hammer","buy=70; weapon=3; decay=1; illegal=True; gift=2"
35,"Mop","npc_carry=True; weapon=2; decay=1"
36,"Jar of Ink","desk=1; npc_carry=True; buy=25"
37,"Tub of Bleach","desk=1; npc_carry=True"
38,"Infirmary Overalls","craft={'intelligence': 50, '_recipe': 'Any Outfit, bleach', '_recipe_hash': '901a0e89df9a4ff122a7a70d07e44abc'}; outfit=1; illegal=True; gift=2"
39,"Sturdy Pickaxe","craft={'intelligence': 80, '_recipe': 'Lightweight Pickaxe, timber, duct tape', '_recipe_hash': 'bd1f038a0bc9ff63d8e1fe07fdc625c1'}; digging=4; chipping=5; decay=3; illegal=True; gift=3"
40,"Trowel","npc_carry=True; digging=3; decay=5; illegal=True; gift=2"
41,"Wall Block","illegal=True"
42,"Concrete","illegal=True"
43,"Work Key","decay=10; illegal=True; gift=2; info=Unlocks green doors"
44,"Length of Rope","buy=60; decay=25; illegal=True; gift=1"
45,"Tube of Toothpaste","desk=1; decay=50; camdis=1500"
46,"Bar of Chocolate","desk=1; npc_carry=True; buy=15; fat=15; gift=2"
47,"Roll of Toilet Paper","desk=1; npc_carry=True"
48,"Soap","desk=1; npc_carry=True"
49,"Pack of Playing Cards","desk=1; npc_carry=True; gift=1"
50,"Book","desk=1; npc_carry=True; gift=1"
51,"Tube of Super Glue","desk=1; npc_carry=True; buy=30"
52,"Tub of Talcum Powder","desk=1; npc_carry=True; buy=15; gift=1"
53,"Wad of Putty","craft={'intelligence': 20, '_recipe': 'Talcum powder, toothpaste', '_recipe_hash': '36b68c9960f0c3a2884906d8e5fe6532'}; illegal=True"
54,"Candle","craft={'intelligence': 30, '_recipe': 'Battery, wire', '_recipe_hash': 'c96826d8f1a723f83dfcb15abfbcefc5'}; gift=1"
55,"empty",""
56,"Balsa Wood","buy=50; found=irongate; illegal=True"
57,"Sail","craft={'intelligence': 80, '_recipe': 'Timber, Bedsheet', '_recipe_hash': '4ae9177e8d7f14305418ea746fb66bec'}; found=irongate; illegal=True"
58,"Plastic Work Key","craft={'intelligence': 70, '_recipe': 'Work key mold, molten plastic', '_recipe_hash': 'efae0e2c972ab495a7c3ef55df7c163b'}; decay=20; illegal=True; info=Can open green doors"
59,"Work Key Mold","craft={'intelligence': 50, '_recipe': 'Putty, work key', '_recipe_hash': '618d9c2834177bcd6c8cfb06b1dab749'}; illegal=True"
60,"Flashlight","desk=2; buy=30; decay=1; gift=2"
61,"Sturdy Cutters","craft={'intelligence': 80, '_recipe': 'Lightweight cutters, file, duct tape', '_recipe_hash': 'ccca6cdd975489d77b2501deee6ee526'}; cutting=5; decay=3; illegal=True; gift=3"
62,"File","desk=2; npc_carry=True; buy=50; cutting=2; decay=10; illegal=True; gift=2"
63,"Dirty Guard Outfit","illegal=True"
64,"Dirty Inmate Outfit","desk=1"
65,"Uncooked Food",""
66,"Cooked Food","desk=2; npc_carry=True; fat=10; gift=3"
67,"Vent Cover","illegal=True"
68,"Stepladder","buy=60; illegal=True; info=Can be placed down and stood on"
69,"Bed Sheet","npc_carry=True"
70,"Woodshop key",""
71,"Staff Key Mold","craft={'intelligence': 50, '_recipe': 'Putty, staff key', '_recipe_hash': '215191cb30f8529f5fbd036dca2aa132'}; illegal=True"
72,"Timber Brace","craft={'intelligence': 20, '_recipe': 'Timber x2', '_recipe_hash': '9018238aa6314531ec01fe4b4f9f4e23'}; illegal=True; info=Essential for tunneling"
73,"Battery","desk=1"
74,"Sock","desk=1; npc_carry=True"
75,"Unvarnished Chair","craft={'intelligence': 30, '_recipe': 'Timber x3', '_recipe_hash': '864bf2fb11a0211cbe01b73f0145ed7f'}"
76,"Sheet of Metal","desk=2; buy=25; illegal=True"
77,"License Plate","illegal=True"
78,"Metalshop key",""
79,"Bag of Cement",""
80,"Plunger","desk=1; npc_carry=True; decay=1; info=Emergencies only"
81,"Sheet Rope","craft={'intelligence': 30, '_recipe': 'Bed sheet x 2', '_recipe_hash': 'bc6c15339c20b43d4b4185c741f953ae'}; decay=50; illegal=True"
82,"Utility Key Mold","craft={'intelligence': 40, '_recipe': 'Utility key, putty', '_recipe_hash': 'd40ff9cefca78de68808a034ae03fd1f'}; illegal=True"
83,"Cell Key Mold","craft={'intelligence': 20, '_recipe': 'Cell key, putty', '_recipe_hash': 'a2f283d89a40f7f9a9f62071c1f90f6c'}; illegal=True"
84,"Molten Plastic","craft={'intelligence': 30, '_recipe': 'Comb / toothbrush, lighter', '_recipe_hash': '008f9686da1e3d2eb2ebb76f86b4118c'}; illegal=True"
85,"Plastic Utility Key","craft={'intelligence': 70, '_recipe': 'Utility key mold, molten plastic', '_recipe_hash': '9f05029ade11bae2e70d27e002d80c31'}; decay=20; illegal=True; info=Can open orange doors"
86,"Plastic Staff Key","craft={'intelligence': 80, '_recipe': 'Staff key mold, molten plastic', '_recipe_hash': '10de7cb8db31e30e550e81364b2c2bc5'}; decay=20; illegal=True; info=Can open red doors"
87,"Plastic Cell Key","craft={'intelligence': 50, '_recipe': 'Cell key mold, molten plastic', '_recipe_hash': '1b204707d40400611027cb1038f69837'}; decay=20; illegal=True; info=Can open yellow doors"
88,"Plastic Entrance Key","craft={'intelligence': 60, '_recipe': 'Entrance key mold, molten plastic', '_recipe_hash': '4148753430608a8d03e7699554c4b232'}; decay=20; illegal=True; info=Can open purple doors"
89,"Entrance Key Mold","craft={'intelligence': 30, '_recipe': 'Entrance key, putty', '_recipe_hash': '003f50dfdd55bf0307619997826e4d17'}; illegal=True"
90,"Cup","desk=1"
91,"Small Speaker","illegal=True"
92,"Circuit Board","illegal=True"
93,"Paper Clip","desk=1"
94,"Razor Blade","desk=1; npc_carry=True; buy=20; gift=2"
95,"Pillow","weapon=1"
96,"Toothbrush","desk=1; npc_carry=True"
97,"Toothbrush Shiv","weapon=2; illegal=True; gift=2"
98,"Wire","desk=1; npc_carry=True; buy=25"
99,"Poster","craft={'intelligence': 20, '_recipe': 'Magazine, duct tape', '_recipe_hash': 'b1800216fbc21333e5bd07f55cee808f'}; gift=2"
100,"Foil","desk=2; buy=30; illegal=True; gift=1"
101,"Paper Mache","craft={'intelligence': 30, '_recipe': 'Toilet paper, super glue', '_recipe_hash': '6a0179d894b3b26b45afc8b346385b49'}; illegal=True"
102,"DIY Tattoo Kit","gift=2"
103,"Sock Mace","craft={'intelligence': 30, '_recipe': 'Soap, sock', '_recipe_hash': '1ba2164a609efcd45b89a92b550ff591'}; weapon=3; illegal=True; gift=3"
104,"Super Sock Mace","craft={'intelligence': 50, '_recipe': 'Battery, sock', '_recipe_hash': '214b1a689d4dfa23c6a0cf4f8b888ed5'}; weapon=3; illegal=True; gift=3"
105,"Cup of Molten Chocolate","craft={'intelligence': 40, '_recipe': 'Chocolate, cup, lighter', '_recipe_hash': '3d566cd246522390f6cc38ce9840c5e8'}; illegal=True; gift=2; info=Throw at someone to drop them"
106,"Game Set","gift=2"
107,"Die","gift=1"
108,"Nunchuks","craft={'intelligence': 70, '_recipe': 'Wire, timber x2', '_recipe_hash': '148ff16f0d017f63b6f6fede1ce8d6ac'}; weapon=5; illegal=True; gift=3"
109,"Comb Shiv","desk=2; weapon=2; illegal=True; gift=2"
110,"Whip","craft={'intelligence': 80, '_recipe': 'Timber, wire, razor blade', '_recipe_hash': '3fefd091cf422e97ea32c84c6dacd635'}; weapon=5; illegal=True; gift=3"
111,"Knuckle Duster","craft={'intelligence': 60, '_recipe': 'Duct tape, razor blade', '_recipe_hash': '68e6fda2f95f8e7183beb3940c7c0076'}; weapon=4; illegal=True; gift=3"
112,"Grapple Head","craft={'intelligence': 60, '_recipe': 'Crowbar x2, duct tape', '_recipe_hash': '456a2e72cec7cae1c95f6d052af84685'}; illegal=True"
113,"Grappling Hook","craft={'intelligence': 90, '_recipe': 'Grapple head, rope', '_recipe_hash': '2a3000481b0f2e8bb295acde9fbe1f0e'}; decay=20; illegal=True; info=Used to ascend small elevations"
114,"Lightweight Shovel","craft={'intelligence': 60, '_recipe': 'Flimsy shovel, sheet metal, duct tape', '_recipe_hash': '616742f9be0d4a783f467fb531c326a3'}; digging=4; chipping=2; decay=5; illegal=True; gift=3"
115,"Flimsy Shovel","craft={'intelligence': 40, '_recipe': 'Tool handle, sheet metal, duct tape', '_recipe_hash': '4cfb9d5b42f6245b573219345498b6bf'}; digging=3; chipping=2; decay=8; illegal=True; gift=3"
116,"Fake Wall Block","craft={'intelligence': 40, '_recipe': 'Paper mache x2, ink', '_recipe_hash': '1a927876c720e05393086b3ccb888b53'}; decay=10; illegal=True"
117,"Fake Vent Cover","craft={'intelligence': 30, '_recipe': 'Paper mache x2', '_recipe_hash': '57d6985722b3cc1999f6bba6d5e3b317'}; decay=10; illegal=True"
118,"Flimsy Pickaxe","craft={'intelligence': 40, '_recipe': 'Crowbar, tool handle, duct tape', '_recipe_hash': 'fdfe94887ff8056d39e918e26767230b'}; digging=2; chipping=3; decay=8; illegal=True; gift=1"
119,"Lightweight Pickaxe","craft={'intelligence': 60, '_recipe': 'Flimsy pickaxe, timber, duct tape', '_recipe_hash': '7e57166a3e2ec65dbfc08d57e02f60db'}; digging=3; chipping=4; decay=5; illegal=True; gift=2"
120,"Flimsy Cutters","craft={'intelligence': 40, '_recipe': 'File x2, duct tape', '_recipe_hash': 'd84dfa67815615ae485a45f50b96ce9d'}; cutting=3; decay=8; illegal=True; gift=1"
121,"Lightweight Cutters","craft={'intelligence': 60, '_recipe': 'Flimsy cutters, duct tape, file', '_recipe_hash': 'e5e5a51c75373661c7dd43538c242325'}; cutting=4; decay=5; illegal=True; gift=2"
122,"Tool Handle","craft={'intelligence': 30, '_recipe': 'File, timber', '_recipe_hash': 'a407f743351a29daa74bec8a969b3997'}; illegal=True"
123,"Crafting Note","desk=2; npc_carry=True; buy=25; illegal=True; gift=2; info=Information on a craftable item"
124,"Comb Blade","craft={'intelligence': 20, '_recipe': 'Comb, razor blade', '_recipe_hash': '954629e1df5f07b56a649dc605d3effd'}; desk=2; weapon=2; illegal=True; gift=2"
125,"Contraband Pouch","craft={'intelligence': 50, '_recipe': 'Foil, duct tape', '_recipe_hash': 'f130a0748f70ff1809924c213500e12f'}; decay=25; illegal=True; gift=3; info=Detectors won't alarm with this in your possession"
126,"Bed Dummy","craft={'intelligence': 30, '_recipe': 'Pillow x2, bed sheet', '_recipe_hash': '0966432f3f941d835eb95c7bdf73d7d8'}; illegal=True; gift=1; info=Fool the guards with this bed dummy"
127,"POW Outfit","outfit=1"
128,"Cushioned Inmate Outfit","craft={'intelligence': 30, '_recipe': 'Inmate outfit, pillow, duct tape', '_recipe_hash': '282495f5a5b6e1c5b21cc4f317f07c34'}; outfit=2; illegal=True; gift=1"
129,"Padded Inmate Outfit","craft={'intelligence': 60, '_recipe': 'Inmate outfit, book, duct tape', '_recipe_hash': '76dbddb744500eaef46ea861254b1201'}; outfit=3; illegal=True; gift=1"
130,"Plated Inmate Outfit","craft={'intelligence': 80, '_recipe': 'Inmate outfit, metal sheet, duct tape', '_recipe_hash': 'b97576a50ab1e5702f9fbb9b120e5fc8'}; outfit=4; illegal=True; gift=2"
131,"Medikit","desk=2; buy=30; hp=15; gift=2"
132,"Hat",""
133,"Vest",""
134,"Underpants",""
135,"Shorts",""
136,"Needle & Thread",""
137,"Fabric",""
138,"Package",""
139,"Package",""
140,"Package",""
141,"Letter",""
142,"Cushioned POW Outfit","craft={'intelligence': 30, '_recipe': 'POW outfit, pillow, duct tape', '_recipe_hash': '99f96e01b741af7501036bd1b11e50e2'}; outfit=2; illegal=True; gift=1"
143,"Padded POW Outfit","craft={'intelligence': 60, '_recipe': 'POW outfit, book, duct tape', '_recipe_hash': 'e870087948f56235aa9c03a3ab81d698'}; outfit=3; illegal=True; gift=1"
144,"Plated POW Outfit","craft={'intelligence': 80, '_recipe': 'POW outfit, metal sheet, duct tape', '_recipe_hash': 'ae72d4e2dc4374a815fa6c38c1de8c0f'}; outfit=4; illegal=True; gift=2"
145,"TV Remote","desk=1; npc_carry=True; found=perks"
146,"Sponge","desk=1; npc_carry=True; found=perks"
147,"DVD","desk=1; npc_carry=True; found=perks"
148,"Cookie","desk=1; npc_carry=True; found=perks; fat=15"
149,"Muffin","desk=1; npc_carry=True; found=perks; fat=15"
150,"Exotic Feather","buy=30; found=jungle"
151,"Bananas","desk=1; npc_carry=True; found=jungle; fat=10"
152,"Unsigned ID Papers","found=jungle; illegal=True"
153,"ID Papers","craft={'intelligence': 60, '_recipe': 'Exotic Feather, Ink, Unsigned ID Papers', '_recipe_hash': '2fd598b347d9fa848b0c013bbdf6f67a'}; found=jungle; illegal=True; gift=3"
154,"Green Herb","desk=1; npc_carry=True; buy=15; found=jungle; hp=5"
155,"Red Herb","desk=2; npc_carry=True; buy=25; found=jungle; hp=10"
156,"Silk Handkerchief","desk=1; npc_carry=True; found=perks"
157,"Deluxe Toilet Roll","desk=1; npc_carry=True; found=perks"
158,"Dental Floss","desk=1; npc_carry=True"
159,"Teddy Bear","desk=1; npc_carry=True; found=perks"
160,"Hand Cream","desk=1; npc_carry=True; found=perks"
161,"Postcard","desk=1; npc_carry=True; found=perks"
162,"Pedicure Kit","desk=1; npc_carry=True; found=perks"
163,"Hand Fan","desk=1; npc_carry=True; found=perks"
164,"Pocket Watch","desk=1; npc_carry=True; found=stalagflucht"
165,"Family Photo","desk=1; npc_carry=True; found=stalagflucht"
166,"Service Medal","desk=1; npc_carry=True; found=stalagflucht"
167,"Dog Tag","desk=1; npc_carry=True; found=stalagflucht"
168,"Vines","desk=1; npc_carry=True; found=jungle"
169,"Coconut","desk=1; npc_carry=True; found=jungle; fat=10; gift=1"
170,"Mango","desk=1; npc_carry=True; found=jungle; fat=10; gift=1"
171,"Red Chili","desk=1; npc_carry=True; found=sanpancho"
172,"Sand","desk=1; npc_carry=True; found=sanpancho; illegal=True"
173,"Sombrero","desk=1; npc_carry=True; found=sanpancho"
174,"Fake Fence","craft={'intelligence': 50, '_recipe': 'Wire x3', '_recipe_hash': '565aa547389dfb8476c909ab7adb1776'}; decay=25; illegal=True"
175,"Poncho","desk=1; npc_carry=True; found=sanpancho"
176,"Uncooked Burrito","found=sanpancho"
177,"Burrito","desk=1; npc_carry=True; found=sanpancho; fat=10; gift=2"
178,"Tribal Drum","desk=1; npc_carry=True; found=jungle; gift=2"
179,"Nails","desk=1; npc_carry=True; buy=40; gift=1"
180,"Stinger Strip","craft={'intelligence': 50, '_recipe': 'Duct Tape, Nails x2', '_recipe_hash': '9e73e097f5a5a3d91edc3a91015e56e5'}; illegal=True; gift=1"
181,"Multitool","craft={'intelligence': 90, '_recipe': 'Sturdy Shovel, Sturdy Pickaxe, Duct Tape', '_recipe_hash': '0c99d1bfeccfd90adf8aa0d1cd477345'}; digging=5; chipping=5; decay=1; illegal=True; gift=3"
182,"Wooden Bat","craft={'intelligence': 40, '_recipe': 'Timber, Duct Tape', '_recipe_hash': 'db6b64eb8faa7f24e95b0a32cea1dcd0'}; weapon=3; illegal=True; gift=2"
183,"Spiked Bat","craft={'intelligence': 70, '_recipe': 'Timber, Duct Tape, Nails', '_recipe_hash': '7910686c1448f13060462bc62b4affcd'}; weapon=4; illegal=True; gift=2"
184,"Durable Contraband Pouch","craft={'intelligence': 70, '_recipe': 'Foil x2, duct tape', '_recipe_hash': 'debaa7c9e8e897df0bde0a282f489380'}; decay=15; illegal=True; gift=3; info=Detectors won't alarm with this in your possession"
185,"Cutting Floss","craft={'intelligence': 40, '_recipe': 'Floss x3', '_recipe_hash': '36aca6f4af729b1a8f6e73bca1ba9ff7'}; cutting=3; decay=8; illegal=True; gift=2"
186,"Powered Screwdriver","craft={'intelligence': 80, '_recipe': 'Screwdriver, Battery, Wire', '_recipe_hash': '884156b4d2a798b94863f963ecef8a95'}; chipping=3; unscrewing=5; decay=5; illegal=True; gift=2"
187,"Raft Base","craft={'intelligence': 80, '_recipe': 'Balsa Wood x2, Rope', '_recipe_hash': '467a601a0db2ca4373048ceab47604bd'}; illegal=True"
188,"Makeshift Raft","craft={'intelligence': 80, '_recipe': 'Raft Base, Sail, Rope', '_recipe_hash': 'de13489478c8b0d2da56de20c2fa9d97'}; illegal=True"
189,"Zipline Hook","craft={'intelligence': 60, '_recipe': 'Timber, Wire', '_recipe_hash': '48881cc2589eb94e7faa39374b1f58b2'}; illegal=True"
190,"DoDo Donut","desk=1; npc_carry=True; fat=10; gift=1"
191,"Penarium Barrel","desk=1; gift=5"
192,"Charcoal","illegal=True"
193,"Mixing Container","illegal=True"
194,"Corrugated Iron","illegal=True"
195,"Explosive Mix","illegal=True"
196,"Fertilizer","illegal=True"
197,"Makeshift Explosive Round","illegal=True"
198,"Explosive Compound","illegal=True"
199,"Makeshift Fuse","illegal=True"
200,"Makeshift Tank Barrel","illegal=True"
201,"Makeshift Tank Firing Base","illegal=True"
202,"Makeshift Tank Turret","illegal=True"
203,"Metal Cone","illegal=True"
204,"Metal Tube","illegal=True"
205,"Potassium","illegal=True"
206,"Sovereign Ring","desk=1; found=escapeteam; gift=2"
207,"Taper","illegal=True"
208,"Trash Bag","desk=1; found=escapeteam; gift=2"
209,"Aftershave","desk=1; found=escapeteam; gift=2"
210,"Prisoner Outfit","outfit=1"
211,"Soldier Outfit","buy=50; outfit=1; illegal=True; gift=1"
212,"Tape Player","illegal=True"
213,"Voice Recording","illegal=True"
214,"Memoir Tapes","illegal=True"
215,"Tux Outfit","outfit=1"
216,"Dirty Tux Outfit",""
217,"Blue Putty",""
218,"Sticky Tape",""
219,"Dirty Glass","illegal=True"
220,"Keycard","illegal=True"
221,"Fake Fingerprint","illegal=True"
222,"Bomb Surprise","desk=1; found=DTAF; illegal=True"
223,"empty",""
224,"Fake Decorated Egg","desk=1; npc_carry=True; found=DTAF; gift=15"
225,"Flamethrower","illegal=True"
226,"Hairspray","desk=1; found=DTAF"
227,"Fake Shoe","desk=1; npc_carry=True; found=DTAF; decay=25; info=Detectors won't alarm with this in your possession"
228,"Henchman Outfit","outfit=1; illegal=True"
229,"Dirty Henchman Outfit","illegal=True"
230,"Shoe Knife","desk=1; found=DTAF; weapon=3; illegal=True; gift=2"
231,"Cutting Laser Watch","desk=1; found=DTAF; cutting=50; decay=100; illegal=True; gift=3"
232,"Metal Rimmed Hat","weapon=4; illegal=True; gift=3"
233,"Pork Pie Hat","desk=1; found=DTAF"
234,"Stun Pen","desk=1; npc_carry=True; found=DTAF; weapon=3; illegal=True"
235,"Garotting Wire Watch","desk=1; found=DTAF; illegal=True"
236,"Weak Fingerprint","illegal=True"
237,"Sharp Tea Tray","desk=1; found=DTAF; illegal=True"
238,"Elf Outfit","outfit=1"
239,"Guard Elf Outfit","outfit=1; illegal=True"
240,"Bulbs","illegal=True"
241,"Cracker","desk=1; npc_carry=True; found=SS; illegal=True"
242,"Fairy Lights","illegal=True"
243,"Glitter","illegal=True"
244,"Candy Cane Lever","illegal=True"
245,"Giant Lollipop","desk=1; npc_carry=True; found=SS; weapon=3; illegal=True"
246,"Mince Pie","desk=1; npc_carry=True; found=SS; fat=5"
247,"Presents","illegal=True"
248,"Stocking","desk=1; npc_carry=True; found=SS"
249,"Tinsel","illegal=True"
250,"Wooden Ball",""
251,"Wooden Block",""
252,"Wooden Doll",""
253,"Wooden Scooter",""
254,"Wrapping Paper","illegal=True"
255,"Naughty Letter",""
256,"Nice Letter",""
257,"Chisel","chipping=1; illegal=True"
258,"Wooden Joystick",""
259,"Worms game",""
260,"Baseball Bat","desk=1; buy=40; weapon=4; illegal=True; gift=1"
261,"Magnet",""
262,"Cork",""
263,"Empty Bottle",""
264,"Work Hat",""
265,"Needle",""
266,"Magnetized Needle",""
267,"Fuel","illegal=True"
268,"High Beam Flashlight","illegal=True"
269,"Halogen Bulb","illegal=True"
270,"Navigation Lighting","illegal=True"
271,"Reindeer Bowl",""
272,"Bottle of Water",""
273,"Bowl of Water",""
274,"Raw Nasty Carrots",""
275,"Juicy Cooked Carrots",""
276,"Makeshift Compass","illegal=True"
277,"Red Herring",""
278,"Thruster","illegal=True"
